{
  "k1953u4o": 1773156799.270133,
  "k1953mfp": 1773156799.2723908,
  "k1951vv8": 1773709760.1304471,
  "k1951qx9": 1773709760.135017,
  "k19s1htj": 1773736512.204732,
  "k19rrm15": 1773736512.207554,
  "k19iyre3": 1773706121.3295412,
  "k1a691il": 1773667756.239831,
  "k1a67owr": 1773667816.5601752,
  "k1aba2hb": 1773667710.493896,
  "k1aba1l5": 1773667710.4967349,
  "k1aba08w": 1773667756.237228
}