{
  "k1953u4o": 1773156799.270133,
  "k1953mfp": 1773156799.2723908,
  "k1951vv8": 1773148717.3767638,
  "k1951qx9": 1773148717.381779,
  "k19s1htj": 1773151013.775796,
  "k19rrm15": 1773151013.780123,
  "k19iyre3": 1773145538.524992,
  "k1a691il": 1773149617.300032,
  "k1a67owr": 1773149722.866893,
  "k1aba2hb": 1773147720.397172,
  "k1aba1l5": 1773147752.129523,
  "k1aba08w": 1773149617.2968361
}